"id","title_id","real_name","character_name","role"
"0","1","Anthony Towne","Cornelius","Music Composer"
"1","1","Roy Kshlerin DVM","Maxine","Actress"
"2","1","Danny Yundt III","Rolando","Costume Designer"
"3","1","Dr. Monique Christiansen","Robin","Actor"
"4","1","Willard Jaskolski V","Luella","Actress"
"5","1","Dianne Heaney","Donnie","Production Designer"
"6","1","Noel Bailey-Kessler","D'angelo","Producer"
"7","1","Peter Cronin","Marilyne","Actor"
"8","1","Ebony Schinner","Elta","Cinematographer"
"9","1","Gregory Tremblay","Adrain","Costume Designer"
"10","1","Jordan Murphy","Loraine","Director"
"11","1","Eloise West","Alvina","Production Designer"
"100","2","Nina Stokes-Hyatt","Maggie","Producer"
"101","2","Dana Sauer","Sean","Film Editor"
"102","2","Dr. Michelle Brekke-Funk","Jairo","Costume Designer"
"103","2","Marlon Bosco","Rico","Costume Designer"
"104","2","Mr. Gabriel Cruickshank","Marilie","Cinematographer"
"105","2","Kim Kuvalis III","Dixie","Producer"
"106","2","Mrs. Kayla Murray","Emery","Screenwriter"
"107","2","Byron Hirthe","Willis","Film Editor"
"108","2","Tom Dibbert","Lauriane","Producer"
"109","2","Lindsay Blick","Dawn","Producer"
"110","2","Fred Swift","Keenan","Screenwriter"
"200","3","Angel Weissnat","Vernie","Music Composer"
"201","3","Willard Jacobs","Rubye","Producer"
"202","3","Guadalupe Wolff","Nyasia","Costume Designer"
"203","3","Elisa Hahn","Nico","Film Editor"
"204","3","Ida Tromp","Taylor","Screenwriter"
"205","3","Mr. Shane Metz","Mathilde","Director"
"206","3","Vernon Langworth","Gaetano","Actor"
"207","3","Alonzo Rowe","Hilton","Actor"
"208","3","Milton Graham","Keira","Director"
"209","3","Mr. Levi Satterfield-Funk","Princess","Music Composer"
"210","3","Dr. Rick Gislason Sr.","Orpha","Costume Designer"
"211","3","Mary Barton","Carmela","Screenwriter"
"300","4","Tammy Ritchie","Tiana","Film Editor"
"301","4","Lonnie Kilback Sr.","Katelin","Film Editor"
"302","4","Dr. Mack Schmeler-Kulas","Jess","Actor"
"303","4","Elizabeth McGlynn-Lind","Aryanna","Actor"
"304","4","Cesar Rutherford","Dax","Film Editor"
"305","4","Bennie Adams DVM","Leda","Screenwriter"
"306","4","Malcolm Langworth","Loyal","Production Designer"
"400","5","Marta Bernhard","Monique","Music Composer"
"401","5","Lillie Franey","Jovan","Director"
"402","5","Rolando Brekke","Jewel","Screenwriter"
"403","5","Juan Kutch","Cortney","Screenwriter"
"404","5","Horace Wiegand","Estefania","Director"
"405","5","Pat Bergstrom","Dustin","Cinematographer"
"406","5","Stuart Collier","Domenico","Cinematographer"
"407","5","Lori Bailey III","Wallace","Cinematographer"
"408","5","Whitney Kemmer","Fidel","Screenwriter"
"409","5","Erick DuBuque","Monroe","Director"
"500","6","Lucia Krajcik","Germaine","Actress"
"501","6","Marcia Kuphal","Zora","Film Editor"
"502","6","Dwight Barrows","Carolyne","Screenwriter"
"503","6","Bryant Wilkinson","Adrianna","Production Designer"
"504","6","Lowell Kreiger","Adelle","Production Designer"
"505","6","Doreen Heaney DVM","Rhiannon","Director"
"506","6","Margaret Streich","Samantha","Costume Designer"
"507","6","Ed Hirthe","Clifton","Production Designer"
"508","6","Kristina Yundt","Deondre","Music Composer"
"600","7","Rafael Cormier","Ana","Producer"
"601","7","Marilyn Kiehn PhD","Cordelia","Costume Designer"
"602","7","John Klocko","Henry","Costume Designer"
"603","7","Michael Bartoletti","Loren","Costume Designer"
"604","7","Denise Bauch","Pierce","Music Composer"
"605","7","Dr. Pete Tremblay DDS","Shayne","Director"
"606","7","Lila Stiedemann","Alva","Producer"
"607","7","Miss Alma Corkery","Elenora","Music Composer"
"608","7","Jeremiah Harris Sr.","Lempi","Producer"
"609","7","Rosie Gerlach","Weston","Music Composer"
"700","8","Ramon McKenzie","Elouise","Actor"
"701","8","Carlton Ondricka PhD","Heidi","Costume Designer"
"702","8","Sandra Wyman","Madalyn","Actress"
"703","8","Preston Kovacek","Heloise","Cinematographer"
"704","8","Margarita Bosco","Lia","Actor"
"705","8","Danny Frami","Selmer","Producer"
"706","8","Gabriel Altenwerth","Katherine","Actress"
"707","8","Cory Hilll","Elinore","Screenwriter"
"708","8","Roger Pfannerstill","Timothy","Director"
"709","8","Latoya O'Kon","Augustus","Music Composer"
"800","9","Patti Littel","Felton","Screenwriter"
"801","9","Clay Kreiger","Carmine","Actor"
"802","9","Rhonda Dach","Allison","Producer"
"803","9","Bernadette Hermann","Margarette","Director"
"804","9","Bessie Connelly","Marcelina","Production Designer"
"805","9","Reginald Block","Nick","Production Designer"
"806","9","Kristina Lind","Joshuah","Actor"
"807","9","Ms. April Muller","Candido","Costume Designer"
"808","9","Billie Wolf","Zola","Producer"
"900","10","Tommie Keeling DVM","Sedrick","Production Designer"
"901","10","Bernadette Stehr","Darien","Production Designer"
"902","10","Guadalupe Corwin","Alfred","Music Composer"
"903","10","Opal Haag DDS","Asha","Music Composer"
"904","10","Scott Brown","Leonora","Director"
"905","10","Christina Krajcik MD","Hyman","Producer"
"906","10","Holly Jenkins","Kory","Director"
"907","10","Dr. Elbert Macejkovic","Lonny","Actor"
"1000","11","Mr. Saul Runte","Allison","Production Designer"
"1001","11","Ellis Hayes","Zoie","Production Designer"
"1002","11","Chris Morissette","Jeff","Production Designer"
"1003","11","Lorraine Leuschke","Darrick","Cinematographer"
"1004","11","Vivian Johnson","Dedric","Actress"
"1005","11","Miss Martha Cruickshank Jr.","Reece","Actress"
"1100","12","Flora Schultz","Waylon","Actress"
"1101","12","Patsy Nienow","Devante","Producer"
"1102","12","Sylvia Shanahan","Tremayne","Cinematographer"
"1103","12","Anita Fahey","Lukas","Screenwriter"
"1104","12","Wilbert DuBuque","Brandi","Director"
"1105","12","Eduardo Runolfsson","Emiliano","Music Composer"
"1106","12","Leon Stracke DVM","Nina","Screenwriter"
"1107","12","Dana Bergstrom","Raphaelle","Producer"
"1108","12","Bonnie Bruen","Amani","Costume Designer"
"1109","12","Chester Heidenreich PhD","Erica","Producer"
"1200","13","Christian Kuhn V","Dominic","Cinematographer"
"1201","13","Felix Hammes","Kenya","Screenwriter"
"1202","13","Carl McGlynn","Samara","Film Editor"
"1203","13","Phil Reinger","Madge","Production Designer"
"1204","13","Douglas Mayer","Einar","Film Editor"
"1205","13","Francis Bernhard","Lucious","Production Designer"
"1300","14","Lucy Robel MD","Trevion","Costume Designer"
"1301","14","Troy Adams","Elton","Music Composer"
"1302","14","Amy Gottlieb","Aurelio","Music Composer"
"1303","14","Sherry Stehr","Angelica","Production Designer"
"1304","14","Ms. Robyn Nitzsche","Diamond","Production Designer"
"1305","14","Cedric Bode","Oliver","Cinematographer"
"1306","14","Barbara Green","Neil","Film Editor"
"1307","14","Alejandro Padberg","Garett","Music Composer"
"1308","14","Yolanda Kling","Mafalda","Actress"
"1309","14","Ms. Glenda Lang","Santiago","Production Designer"
"1400","15","Betty Mayer","Roma","Film Editor"
"1401","15","Gary MacGyver","Veda","Production Designer"
"1402","15","Camille Schimmel","Tomas","Actress"
"1403","15","Lance Kassulke","Bert","Production Designer"
"1404","15","Hazel Konopelski","Bill","Music Composer"
"1405","15","Geoffrey Rau Jr.","Dennis","Actress"
"1406","15","Ismael Huels","Lillian","Costume Designer"
"1500","16","Randal Hegmann Jr.","Herminia","Director"
"1501","16","Mercedes Klocko","Reggie","Screenwriter"
"1502","16","Wesley Block","Arnold","Director"
"1503","16","Dr. Vicky Kilback","Samanta","Director"
"1504","16","Jasmine Johnson","Rashad","Costume Designer"
"1505","16","Dr. Clayton Greenfelder","Keenan","Director"
"1506","16","Lana Hyatt","Randall","Actor"
"1600","17","Loren Cronin","Camron","Cinematographer"
"1601","17","Audrey Johns","Carlie","Director"
"1602","17","Hugo Marvin","Elnora","Actress"
"1603","17","Dora Beatty-O'Reilly","Grayce","Actress"
"1604","17","Mr. Emilio Rowe MD","Lula","Music Composer"
"1605","17","Miss Fannie Marquardt","Jaydon","Film Editor"
"1606","17","Darryl Herzog","Kayla","Costume Designer"
"1700","18","Phil Ledner","Kurtis","Film Editor"
"1701","18","Brian Kozey","Ayla","Director"
"1702","18","Jamie Schmitt","Jayce","Production Designer"
"1703","18","Miss Kimberly Wuckert","Luella","Cinematographer"
"1704","18","Cora Wintheiser","Janick","Costume Designer"
"1705","18","Leticia Quigley","Tracey","Music Composer"
"1706","18","Blake Abbott","Zackery","Costume Designer"
"1707","18","Ms. Marjorie Botsford","Ubaldo","Film Editor"
"1708","18","Adrienne Upton-Bauch","Coralie","Film Editor"
"1800","19","Christopher Roberts","Everett","Music Composer"
"1801","19","Christine Champlin","Stanton","Film Editor"
"1802","19","Calvin Kling","Jon","Production Designer"
"1803","19","Dr. Esther Ryan","Effie","Cinematographer"
"1804","19","Evan Harvey","Augustus","Costume Designer"
"1900","20","Arthur Becker","Leora","Music Composer"
"1901","20","Latoya Grimes","Yesenia","Cinematographer"
"1902","20","Levi Weissnat","Katelin","Film Editor"
"1903","20","Marta Hamill","Domenic","Production Designer"
"1904","20","Kristine Nicolas DVM","Devin","Actress"
"1905","20","Flora Reinger","Brendon","Costume Designer"
"1906","20","Jane Johnston PhD","Hilda","Director"
"1907","20","Manuel Wintheiser","Chaz","Music Composer"
"2000","21","Isabel Powlowski","Beaulah","Producer"
"2001","21","Lauren Gutkowski I","Clint","Costume Designer"
"2002","21","Rosemary Simonis","Arvilla","Cinematographer"
"2003","21","Matthew Pollich","Silas","Screenwriter"
"2004","21","Perry Murphy","Earnest","Producer"
"2005","21","Jackie Batz","Merl","Screenwriter"
"2006","21","Kelly McClure","Demetris","Production Designer"
"2100","22","Margie Nienow","Eliezer","Producer"
"2101","22","Della Bernhard","Eda","Music Composer"
"2102","22","Marco Christiansen","Quinten","Costume Designer"
"2103","22","Zachary Hauck","Christy","Actress"
"2104","22","Kelvin Farrell","Norwood","Production Designer"
"2105","22","Colleen Auer","Kaci","Film Editor"
"2106","22","Lynn Abbott","Kay","Costume Designer"
"2107","22","Anthony Wuckert","Corrine","Producer"
"2108","22","Ralph Zieme","Ella","Production Designer"
"2109","22","Roosevelt Ward","Stuart","Director"
"2110","22","Mrs. Dolores Reichel Jr.","Leola","Actor"
"2111","22","Todd Corwin","Albert","Actor"
"2112","22","Clay Berge","Paul","Cinematographer"
"2200","23","Calvin Durgan","Sasha","Production Designer"
"2201","23","Yolanda D'Amore","Abbigail","Costume Designer"
"2202","23","Adrienne Bernier","Rod","Actor"
"2203","23","Marc Swift","Darryl","Production Designer"
"2204","23","Patricia Ankunding","Delbert","Film Editor"
"2205","23","Yolanda Runolfsdottir","Jayde","Film Editor"
"2206","23","Vera Beatty","Elenora","Music Composer"
"2300","24","Caleb Reichel V","Loyce","Actor"
"2301","24","Hubert Connelly","Bryon","Actress"
"2302","24","Violet Lemke","Mae","Production Designer"
"2303","24","Marcella Lang","Hassie","Producer"
"2304","24","Wilbert Connelly","Jared","Screenwriter"
"2305","24","Ginger Pfeffer","Krystina","Actor"
"2400","25","Dr. Wayne Koch","Dusty","Screenwriter"
"2401","25","Carlton Okuneva","Noah","Director"
"2402","25","Lena Ebert","Leann","Costume Designer"
"2403","25","Randal Renner","Olin","Music Composer"
"2404","25","Ms. Penny Dare IV","Stanford","Costume Designer"
"2405","25","Delbert Weimann V","Mark","Actor"
"2406","25","Melanie Greenfelder","Ignacio","Producer"
"2500","26","Jamie Hessel","Kennedi","Music Composer"
"2501","26","Hugo Fritsch","Annabell","Cinematographer"
"2502","26","Erik Jones","Lennie","Actor"
"2503","26","Max Herzog","Jordyn","Director"
"2504","26","Roosevelt Crona","Victoria","Music Composer"
"2505","26","Penny Herzog I","Lolita","Screenwriter"
"2506","26","Sophia Wyman","Clifford","Producer"
"2507","26","Bryan Kshlerin","Lisandro","Actress"
"2508","26","Vernon Wilkinson","Lennie","Producer"
"2509","26","Henrietta Swaniawski","Gregoria","Film Editor"
"2510","26","Herman Jacobs","Obie","Actress"
"2511","26","Leonard Buckridge","Omari","Actress"
"2512","26","Dianne Hahn","Desmond","Production Designer"
"2600","27","Sue O'Conner-Franey","Deanna","Costume Designer"
"2601","27","Perry Smith","Hillard","Actor"
"2602","27","Anna Greenfelder","Jalyn","Costume Designer"
"2603","27","Lorene Bernier","Sid","Producer"
"2604","27","Dr. Lonnie Cronin","Linwood","Film Editor"
"2605","27","Kurt Rosenbaum","Pedro","Production Designer"
"2606","27","Byron Goyette-Boyle IV","Danial","Actor"
"2607","27","Henrietta Parisian","Florine","Music Composer"
"2608","27","Angelina Roob","Domenico","Music Composer"
"2609","27","Dr. Hattie Moen","Lamar","Music Composer"
"2610","27","Jason Streich","Sydney","Actress"
"2611","27","Stella McKenzie","Domingo","Production Designer"
"2612","27","Mr. Herman Nienow","Tatum","Actress"
"2613","27","Ms. Rhonda Grant","Jordane","Film Editor"
"2614","27","Jaime McClure-Jones","Maddison","Screenwriter"
"2615","27","Amanda Schneider","Wilson","Actress"
"2700","28","Mrs. Lola Oberbrunner DDS","Janie","Actress"
"2701","28","Jim Price DVM","Alana","Cinematographer"
"2702","28","Alberto Flatley","Federico","Director"
"2703","28","Jan Hayes","Guillermo","Actress"
"2704","28","Lillian Reilly","Torrey","Actor"
"2705","28","Judy Klein","Mary","Cinematographer"
"2706","28","Anne Powlowski","Stevie","Actor"
"2707","28","Lula Roberts","Furman","Film Editor"
"2800","29","Meredith King","Alisa","Costume Designer"
"2801","29","Eddie Beahan-Daniel","Donna","Actor"
"2802","29","Mr. Charlie D'Amore","Clint","Actor"
"2803","29","Wm Huels","Nadia","Music Composer"
"2804","29","Blanca Treutel","Anya","Music Composer"
"2805","29","Alexander Hilpert","Adriana","Production Designer"
"2806","29","Brian Crist","Jackie","Actor"
"2807","29","Jean Pfeffer-Welch","Ed","Producer"
"2808","29","Moses Kuphal MD","Edyth","Actor"
"2809","29","Brandy Bechtelar","Kameron","Production Designer"
"2810","29","Lora Haley","Forest","Cinematographer"
"2811","29","Jared Muller","Laurianne","Actor"
"2900","30","Wilma Yost","Domenic","Cinematographer"
"2901","30","Wanda Ankunding","Oleta","Director"
"2902","30","Alberta Streich","Erin","Costume Designer"
"2903","30","Rolando Walker","Murl","Director"
"2904","30","Daniel Schamberger","Sienna","Producer"
"2905","30","Virgil Senger Jr.","Jordane","Cinematographer"
"2906","30","Candice Kuhic III","Dennis","Production Designer"
"2907","30","Emanuel Zboncak","Willis","Actress"
"2908","30","Patsy Heller I","Mayra","Screenwriter"
"3000","31","Matthew Steuber","Lynn","Director"
"3001","31","Nelson Connelly","Robbie","Cinematographer"
"3002","31","Damon Rau","Cecelia","Film Editor"
"3003","31","Dominick Kuphal","Carolina","Director"
"3004","31","Johnny Pouros","Lia","Director"
"3005","31","Tyrone Boehm","Tyrese","Cinematographer"
"3006","31","Melissa Abernathy","Herminio","Film Editor"
"3100","32","Jennie Hauck","Anais","Film Editor"
"3101","32","Pedro Brown Sr.","Laurianne","Costume Designer"
"3102","32","Laurence Kiehn-Maggio","Saige","Film Editor"
"3103","32","Dr. Gina Koch","Ena","Cinematographer"
"3104","32","Emma Franecki-Barrows","Edyth","Producer"
"3105","32","Rufus Pouros","Antone","Screenwriter"
"3106","32","Mae Erdman III","Concepcion","Actor"
"3107","32","Horace Beatty","Arvel","Cinematographer"
"3108","32","Noah Lynch","Gudrun","Actress"
"3200","33","Lowell Smith","Sigmund","Producer"
"3201","33","Dr. Mercedes Hintz","Kellen","Costume Designer"
"3202","33","Miguel Sipes","Jaqueline","Cinematographer"
"3203","33","Rodney Mosciski","Thaddeus","Film Editor"
"3204","33","Marguerite Rempel","Ole","Screenwriter"
"3205","33","Wayne O'Conner","Chadd","Actress"
"3206","33","Ricardo Kirlin","Maximo","Producer"
"3207","33","Dianne Frami","Dasia","Costume Designer"
"3208","33","Morris Moore","Declan","Director"
"3209","33","Neal Weimann","Lizeth","Film Editor"
"3210","33","Dexter Kuhic","Mac","Actress"
"3300","34","Ms. Grace Emmerich","Adriana","Actress"
"3301","34","Dr. Maria Maggio","Colton","Costume Designer"
"3302","34","Miss Thelma Shields","Retta","Cinematographer"
"3303","34","Dr. Carrie Jones","Raphael","Cinematographer"
"3304","34","Lisa Morissette","John","Screenwriter"
"3305","34","Priscilla Little","Emelia","Screenwriter"
"3306","34","Lindsay Pagac","Pearline","Music Composer"
"3307","34","Harriet Robel","Alivia","Production Designer"
"3308","34","Kristin Borer","Fleta","Actress"
"3309","34","Reginald Kemmer-Wisozk","Karlie","Actress"
"3310","34","Andrea Upton","Vickie","Costume Designer"
"3400","35","Ethel Braun","Mitchell","Costume Designer"
"3401","35","Marcus Auer-Nicolas I","Anibal","Music Composer"
"3402","35","Miss Roxanne Goldner","Jordane","Film Editor"
"3403","35","Van Ebert IV","Emil","Director"
"3404","35","Laurie Weissnat","Ansley","Production Designer"
"3405","35","Molly O'Kon-Krajcik","Julian","Actor"
"3406","35","Evan Satterfield II","Mayra","Screenwriter"
"3407","35","Phyllis Kihn","Elroy","Actor"
"3500","36","Miriam Collins","Ernest","Director"
"3501","36","Marlon Ward","Sylvan","Screenwriter"
"3502","36","Dr. Beverly Hegmann-Turcotte","Percy","Production Designer"
"3503","36","Mack Kuphal","Lorena","Actor"
"3504","36","Tom Nolan","Gilbert","Actress"
"3505","36","Dr. Lisa Hodkiewicz","Lonie","Music Composer"
"3506","36","Dwayne Mante","Brennon","Music Composer"
"3507","36","Guadalupe Price","Jacinthe","Music Composer"
"3508","36","Nick Schamberger","Zane","Producer"
"3600","37","Marion Lubowitz","Nelda","Actor"
"3601","37","Lance Powlowski","Frederik","Music Composer"
"3602","37","Ethel Altenwerth DDS","Christa","Screenwriter"
"3603","37","Latoya Reinger","Jedediah","Cinematographer"
"3604","37","Nicole Schoen","Jennings","Screenwriter"
"3605","37","Meredith Breitenberg-Johnston","Berniece","Actor"
"3606","37","Guadalupe McDermott","Chadrick","Cinematographer"
"3607","37","Vernon Mohr","Logan","Production Designer"
"3608","37","Lorraine Kutch","Tressa","Director"
"3609","37","Adam Upton","Kara","Film Editor"
"3610","37","Greg King","Roscoe","Costume Designer"
"3611","37","Lucille Kertzmann","Yasmeen","Screenwriter"
"3700","38","Ruth Ratke","Loraine","Director"
"3701","38","Ellis Kozey","Glen","Music Composer"
"3702","38","Angelo Rodriguez","Alberto","Costume Designer"
"3703","38","Fred VonRueden","Tessie","Costume Designer"
"3704","38","Laurie Tromp","Van","Cinematographer"
"3705","38","Connie Sanford","Kian","Actress"
"3706","38","Katrina Kutch","Deron","Actress"
"3707","38","Dr. Susie Cummerata","Allie","Music Composer"
"3800","39","Ms. Melinda Fisher","May","Director"
"3801","39","Dennis Wolff","Margaretta","Actress"
"3802","39","Shelley Mertz","Elmer","Music Composer"
"3803","39","Darrell Altenwerth","Lavinia","Screenwriter"
"3804","39","Geneva Powlowski","Crawford","Production Designer"
"3805","39","Salvatore Jones","Jeanette","Production Designer"
"3806","39","Myron Smitham I","Wilfrid","Production Designer"
"3807","39","Nichole Walter","Tamia","Actor"
"3808","39","Gloria Douglas","Kaela","Screenwriter"
"3809","39","Juanita Leuschke","Elijah","Cinematographer"
"3900","40","Ms. Krista McCullough","Lorenza","Costume Designer"
"3901","40","Lana Cummerata-Kessler","Wilbert","Producer"
"3902","40","Laurie Kunze MD","Wyatt","Film Editor"
"3903","40","Dr. Neil Jerde","Sarah","Cinematographer"
"3904","40","Carolyn Schneider","Johnny","Screenwriter"
"4000","41","Melissa Jacobs","Tracy","Actor"
"4001","41","Timmy Lesch","Emiliano","Director"
"4002","41","Opal Schmeler","Zelma","Producer"
"4003","41","Mr. Eric Roberts DDS","Brandon","Producer"
"4004","41","Leah Kreiger","Lesley","Actor"
"4100","42","Marcella Pfeffer","Makenzie","Costume Designer"
"4101","42","Mrs. Kristine Dare V","Lily","Director"
"4102","42","Dr. Anita Streich","Mitchell","Producer"
"4103","42","Roger Franey MD","Howell","Actor"
"4104","42","Olivia Tillman Jr.","Keyshawn","Director"
"4105","42","Luis Morissette","Lester","Production Designer"
"4106","42","Dr. Abel Hickle IV","Jefferey","Director"
"4107","42","Floyd Bechtelar","Concepcion","Actress"
"4108","42","Fred Rau-Will","Owen","Actor"
"4109","42","Ethel O'Reilly","Vinnie","Screenwriter"
"4110","42","Jean Mills","Malachi","Music Composer"
"4200","43","Dr. Dallas Keebler","Kianna","Production Designer"
"4201","43","Ismael Wiegand V","Robert","Director"
"4202","43","Pete Cronin","Leann","Film Editor"
"4203","43","Regina Schumm","Christop","Actor"
"4204","43","Evan Borer","Rusty","Costume Designer"
"4205","43","Alyssa Waters MD","Liza","Producer"
"4206","43","Suzanne McDermott","Marcel","Costume Designer"
"4207","43","Ira Berge","Clarissa","Film Editor"
"4208","43","Arturo Yundt","Gabriella","Producer"
"4209","43","Jeannie Lemke","Easton","Music Composer"
"4300","44","Mr. Kent Mills","Naomie","Production Designer"
"4301","44","Bernice Nolan-Kling","Dangelo","Costume Designer"
"4302","44","Roosevelt Ledner IV","Kaleigh","Producer"
"4303","44","Francis Hirthe IV","Desiree","Film Editor"
"4304","44","Melanie Huels","Johann","Music Composer"
"4305","44","Mr. Ronald Rath","Laurence","Director"
"4306","44","Casey Hammes-Weimann","Agustina","Costume Designer"
"4400","45","Mildred Willms","Anais","Costume Designer"
"4401","45","Mabel Reichert","Cade","Director"
"4402","45","Garrett Champlin","Elisabeth","Cinematographer"
"4403","45","Johnnie Berge","Alessia","Actor"
"4404","45","Alton Hettinger Sr.","Raven","Actress"
"4405","45","Wanda McDermott Jr.","Abel","Actress"
"4406","45","Mrs. Kay Stokes MD","Marina","Actress"
"4407","45","Doreen Wolff","Avery","Film Editor"
"4408","45","Marilyn Hackett-Kub","Isabella","Music Composer"
"4409","45","Mrs. Anita Heidenreich","Cruz","Costume Designer"
"4500","46","Genevieve Marks","Eloy","Cinematographer"
"4501","46","Alan Boyle","Anastasia","Music Composer"
"4502","46","Mamie Tromp","Aidan","Production Designer"
"4503","46","Miss Ebony Hills IV","Caleigh","Producer"
"4504","46","Leah Grant","Nina","Director"
"4505","46","Dr. Lawrence Ruecker","Heidi","Costume Designer"
"4506","46","Jerome Fadel DDS","Antwan","Producer"
"4507","46","Tyler Zulauf","Callie","Actor"
"4600","47","Orville Rutherford","Brenda","Screenwriter"
"4601","47","Kari Nienow II","Anastacio","Costume Designer"
"4602","47","Bert O'Keefe","Gabriella","Director"
"4603","47","Genevieve Durgan","Patrick","Director"
"4604","47","Michael Bednar I","Neil","Producer"
"4605","47","Nettie Grimes","Gracie","Actor"
"4606","47","Robyn Kemmer","Geovanni","Director"
"4607","47","Howard Cormier","Raheem","Production Designer"
"4608","47","Beulah Towne","Alana","Production Designer"
"4609","47","Kyle Hermann","Howard","Screenwriter"
"4610","47","Guadalupe Leffler","Emmalee","Director"
"4611","47","Elbert Konopelski","Eric","Cinematographer"
"4612","47","Suzanne McCullough","Bethany","Music Composer"
"4700","48","Rene Towne","Ransom","Music Composer"
"4701","48","Daryl Beer Jr.","Nona","Costume Designer"
"4702","48","Jon O'Conner","Madisyn","Actress"
"4703","48","Dr. Fredrick Langosh MD","Dennis","Cinematographer"
"4704","48","Esther Upton","Katelin","Music Composer"
"4705","48","Marlene Orn Sr.","Olaf","Actress"
"4706","48","Brandi Cummings","Sylvester","Cinematographer"
"4707","48","Ivan Satterfield Jr.","Freddy","Music Composer"
"4708","48","Arlene Smith","Antoinette","Producer"
"4709","48","David Spinka","Ryan","Director"
"4800","49","Anthony Muller","Dan","Actress"
"4801","49","Mrs. Beth Rice","Abigayle","Production Designer"
"4802","49","Jana Monahan","Jabari","Film Editor"
"4803","49","Benny Leannon Sr.","Ursula","Actress"
"4804","49","Miss Rosa Kassulke","Colleen","Film Editor"
"4900","50","Neal Hoppe","Alysson","Screenwriter"
"4901","50","Allison Watsica","Cortez","Film Editor"
"4902","50","Andre Morissette","Aurelia","Director"
"4903","50","Mrs. Christine Lesch II","Kennedy","Actress"
"4904","50","Terrence Harris MD","Sophie","Costume Designer"
"4905","50","Elmer Homenick","Jovani","Actress"
"4906","50","Dr. Jake O'Conner","Elmira","Costume Designer"
"4907","50","Melinda Konopelski","Jalen","Director"
"4908","50","Dr. Harvey Friesen","Cleve","Music Composer"
"5000","51","Cornelius Dickens","Orval","Actor"
"5001","51","Darlene Purdy","Karson","Film Editor"
"5002","51","Meredith Cremin-Wisozk Jr.","Rebekah","Director"
"5003","51","Christian Lehner","Shirley","Actor"
"5004","51","Nora Upton-Parisian","Rae","Cinematographer"
"5005","51","Sam Cartwright","German","Cinematographer"
"5006","51","Mr. Randall Strosin-Conroy","Laurie","Production Designer"
"5007","51","Victoria Haag","Camden","Production Designer"
"5008","51","Mario Rippin-Schmidt","Gerald","Film Editor"
"5100","52","Dr. Kay Hammes DVM","Rodger","Actor"
"5101","52","Dianna Barton","Citlalli","Film Editor"
"5102","52","Ignacio Ferry","Evie","Music Composer"
"5103","52","Josh O'Kon","Mariano","Music Composer"
"5104","52","Ron Vandervort-Cartwright","Deron","Production Designer"
"5105","52","Jacob Gusikowski","Devon","Producer"
"5106","52","Dr. Wanda Rippin","Marcelle","Film Editor"
"5107","52","Verna Kertzmann","Hazel","Actor"
"5108","52","Kari Lesch","Lamont","Director"
"5109","52","Arthur Goodwin","Gilberto","Production Designer"
"5110","52","Gabriel Hoeger","Lucinda","Music Composer"
"5200","53","Ms. Tamara O'Reilly","Isabella","Actor"
"5201","53","Ms. Lois Braun","Simeon","Costume Designer"
"5202","53","Daniel Hand-Zboncak","Hallie","Actor"
"5203","53","Marion Sporer","Octavia","Director"
"5204","53","Sophia Cronin","Trudie","Director"
"5205","53","Dr. Marty Wisoky","Evangeline","Director"
"5206","53","Deanna Ankunding","Terrell","Music Composer"
"5207","53","Georgia Jacobson","Lane","Music Composer"
"5208","53","Anne Terry","Giovani","Music Composer"
"5209","53","Sylvia Welch","Golden","Cinematographer"
"5300","54","Noel Schaefer","Rosanna","Costume Designer"
"5301","54","Rebecca Corwin","Hanna","Producer"
"5302","54","Marty Rosenbaum","Haylee","Cinematographer"
"5303","54","Ruby Lueilwitz","Monte","Costume Designer"
"5304","54","Angela Hansen Sr.","Sophie","Screenwriter"
"5305","54","Lindsey Osinski","Marisa","Music Composer"
"5306","54","Bennie Lakin","Tanner","Costume Designer"
"5307","54","Jim Breitenberg","Karl","Cinematographer"
"5308","54","Dr. Geoffrey Gislason","Emmet","Music Composer"
"5400","55","Duane McClure","Dell","Film Editor"
"5401","55","Ralph Stehr-Kohler","Jeff","Producer"
"5402","55","Cathy Mohr I","Destiny","Cinematographer"
"5403","55","Devin Herzog","Hildegard","Film Editor"
"5404","55","Fernando Hahn V","Estel","Actress"
"5405","55","Judith Considine","Shanon","Director"
"5406","55","Bessie Schaden","Hilda","Screenwriter"
"5407","55","Aaron Rippin","Christina","Actress"
"5408","55","Carlos Ankunding","Delpha","Producer"
"5500","56","Caleb Hilpert","Newell","Producer"
"5501","56","Mrs. Jan Heidenreich II","Margarita","Cinematographer"
"5502","56","Brittany Hoeger","Orpha","Screenwriter"
"5503","56","Mr. Jeffery McDermott","Carli","Music Composer"
"5504","56","Amanda Rice","Breanne","Cinematographer"
"5505","56","Ramon Johnston DDS","Roy","Cinematographer"
"5506","56","Maggie Schultz","Alena","Music Composer"
"5507","56","Dave Pollich","Brooke","Director"
"5508","56","Sadie Herzog","Theresia","Film Editor"
"5509","56","Agnes Schiller I","Avis","Production Designer"
"5600","57","Ms. Silvia Olson","Noelia","Director"
"5601","57","Oscar Dare","Leone","Actor"
"5602","57","Dr. Taylor Reichel","Chester","Film Editor"
"5603","57","Mr. Otis Gislason","Laurence","Screenwriter"
"5604","57","Mercedes Spinka","Florencio","Actress"
"5605","57","Courtney O'Hara-Deckow","Ford","Costume Designer"
"5606","57","Lela Dach","Zack","Production Designer"
"5607","57","Hector Lang","Corbin","Producer"
"5608","57","Jim Torp","Eladio","Film Editor"
"5700","58","Arthur Krajcik","Asha","Screenwriter"
"5701","58","Constance Boyer","Monica","Film Editor"
"5702","58","Lora Sipes","Addie","Music Composer"
"5703","58","Justin Cummerata","Ethyl","Costume Designer"
"5704","58","Rosa Gutkowski","Demetrius","Music Composer"
"5705","58","Steven Reinger","Demario","Cinematographer"
"5706","58","Mrs. Jacquelyn Morissette IV","Zander","Production Designer"
"5707","58","Gerardo Cormier Sr.","Dejah","Screenwriter"
"5708","58","Alfonso Bailey","Noemy","Producer"
"5709","58","Jermaine Homenick","Cleo","Actor"
"5710","58","Jenna Kerluke","Neil","Actor"
"5800","59","Clara Nolan-Dicki","Alexandro","Costume Designer"
"5801","59","Anna Rohan","Nayeli","Production Designer"
"5802","59","Lynn Cummerata","Tom","Costume Designer"
"5803","59","Damon Ryan","Annamae","Director"
"5804","59","Angelina Gislason","Easter","Director"
"5805","59","Rolando O'Reilly","Mariela","Director"
"5806","59","Evan Hamill-Green","Selena","Producer"
"5807","59","Dr. Chester Abshire","Elfrieda","Producer"
"5808","59","Muriel O'Conner","Domenick","Screenwriter"
"5809","59","Lynne Halvorson","Carlee","Producer"
"5810","59","Ben McDermott","Alfonso","Music Composer"
"5811","59","Grant Wilderman","Erin","Music Composer"
"5900","60","Ms. Madeline Crooks Jr.","Cordell","Music Composer"
"5901","60","Minnie McLaughlin","Janick","Costume Designer"
"5902","60","Camille White DDS","Sydnee","Actor"
"5903","60","Morris Stehr","Emmet","Actress"
"5904","60","Mrs. Olivia Jerde-DuBuque","Kenneth","Actor"
"5905","60","Arthur Johnson DVM","Jasen","Actor"
"5906","60","Mrs. Katie Thiel","Anne","Actress"
"5907","60","Gustavo Rempel","Therese","Film Editor"
"5908","60","Joel Olson","Alexa","Actor"
"5909","60","Levi Graham","Shania","Cinematographer"
"5910","60","Lawrence Botsford MD","Alanis","Production Designer"
"5911","60","Dr. Heidi Wehner","Jaden","Actor"
"5912","60","Mr. Alton Torp","Damaris","Costume Designer"
"6000","61","Abel Jakubowski II","Marlen","Actor"
"6001","61","Kathleen O'Conner","Adalberto","Screenwriter"
"6002","61","Angela Lindgren","Zoie","Screenwriter"
"6003","61","Miss Jan Medhurst","Keyon","Cinematographer"
"6004","61","Julian Rolfson","Letha","Actress"
"6005","61","Sue Hegmann","Kyle","Actress"
"6006","61","Jamie Howe-Pfannerstill","Rosie","Screenwriter"
"6100","62","Jeremiah Langworth","Ramon","Producer"
"6101","62","Bruce Dare","Deborah","Producer"
"6102","62","Casey Fritsch","Abagail","Music Composer"
"6103","62","Patrick Blick","Zachery","Cinematographer"
"6104","62","Israel Kovacek IV","Antonina","Music Composer"
"6105","62","Orlando Turcotte","Roberto","Actor"
"6106","62","Kathy Rutherford","Sheldon","Film Editor"
"6107","62","Lorenzo Cremin","Izabella","Director"
"6108","62","Ronald Kilback III","Nolan","Music Composer"
"6109","62","Mr. Dave Hayes","Abigail","Director"
"6110","62","Adrienne Hauck","Alysson","Costume Designer"
"6111","62","Sally Haley","Amina","Production Designer"
"6200","63","Dr. Pedro Barton","Stephan","Producer"
"6201","63","Emilio Harvey","Evangeline","Actress"
"6202","63","Rochelle Abernathy","Itzel","Music Composer"
"6203","63","Vivian Orn","Asia","Actress"
"6204","63","Levi Prosacco","Keira","Producer"
"6205","63","Travis O'Connell III","Trycia","Costume Designer"
"6206","63","Marcia Johnson","Graciela","Costume Designer"
"6300","64","Hubert Gibson","Benny","Actress"
"6301","64","Margaret Hoeger","Llewellyn","Screenwriter"
"6302","64","Salvador Hammes","Ignacio","Producer"
"6303","64","Brandy Zboncak","Abelardo","Music Composer"
"6304","64","Mathew Lind II","Thalia","Music Composer"
"6305","64","Judith Cruickshank","Kailyn","Costume Designer"
"6306","64","Stuart Heaney","Audra","Producer"
"6307","64","Darlene Will","Ian","Music Composer"
"6308","64","Joy Stark","Aaliyah","Music Composer"
"6309","64","Steven Boehm IV","Colten","Director"
"6310","64","Wilfred Turcotte","Eliane","Music Composer"
"6311","64","Alfredo Weissnat","Deondre","Cinematographer"
"6400","65","Judy Kihn","Alexie","Director"
"6401","65","Marguerite Pfeffer","Wendell","Screenwriter"
"6402","65","Clara Bogan","Orval","Production Designer"
"6403","65","Claude Dach","Myah","Actor"
"6404","65","Helen Hagenes","Olen","Film Editor"
"6405","65","Milton Keeling","Elvera","Music Composer"
"6406","65","Santiago Parker","Lionel","Screenwriter"
"6500","66","Raymond Yost","Jerry","Film Editor"
"6501","66","Jorge Hermann","Terrence","Production Designer"
"6502","66","Marian Stroman","Sibyl","Music Composer"
"6503","66","Michael Fadel","Cale","Film Editor"
"6504","66","Dr. Justin Moore","Reed","Film Editor"
"6505","66","Katie Bashirian","Malcolm","Actress"
"6506","66","Erica Skiles PhD","Talon","Screenwriter"
"6507","66","Elsie Hickle","Flavio","Cinematographer"
"6508","66","Juanita Ryan-Friesen","Shanie","Actress"
"6509","66","Nora Stanton","Lourdes","Production Designer"
"6510","66","Gregg Kilback","Ross","Screenwriter"
"6511","66","Guadalupe Maggio","Jamel","Production Designer"
"6512","66","Miranda Balistreri","Ottilie","Film Editor"
"6600","67","Jeremy Reinger I","Evert","Cinematographer"
"6601","67","Dr. Wendell Jast","Gudrun","Actor"
"6602","67","Paulette Feil","Berniece","Producer"
"6603","67","Wanda Conn","Carlotta","Music Composer"
"6604","67","Edith Weber Sr.","Robert","Director"
"6605","67","Mrs. Deborah Schultz-Walter","Natalie","Music Composer"
"6606","67","Freddie DuBuque","Misael","Production Designer"
"6607","67","Nathaniel Reinger","Drake","Music Composer"
"6608","67","Dr. Phillip Glover","Madie","Production Designer"
"6609","67","Molly Zieme","Stan","Cinematographer"
"6700","68","Lana Purdy","Morgan","Cinematographer"
"6701","68","Mr. Ellis Howell","Ignatius","Production Designer"
"6702","68","Lester Renner","Mayra","Film Editor"
"6703","68","Carmen Effertz","Richard","Screenwriter"
"6704","68","Henry McKenzie","Charity","Screenwriter"
"6705","68","Lorena Kuvalis","Porter","Screenwriter"
"6706","68","Mona Kuhn","Courtney","Screenwriter"
"6800","69","Joshua Sawayn","Demarco","Actor"
"6801","69","Frances Schmitt II","Estell","Actress"
"6802","69","Lynne Schultz","River","Actress"
"6803","69","Danny Reinger","Alfonzo","Director"
"6804","69","Wendy Gulgowski","Dominique","Director"
"6805","69","Raquel Johnson","Joana","Director"
"6806","69","Heather Ratke","Octavia","Film Editor"
"6900","70","Mike Jacobi","Gerda","Director"
"6901","70","Aaron Mraz","Orion","Costume Designer"
"6902","70","Domingo Hoeger","Jimmie","Costume Designer"
"6903","70","Russell Hoppe","Duncan","Screenwriter"
"6904","70","Mr. Julian Konopelski","Jon","Production Designer"
"6905","70","Jerome Oberbrunner-Bogisich","Susan","Actress"
"6906","70","Ms. Theresa Williamson","Nyah","Director"
"6907","70","Shannon Schuppe","Glen","Film Editor"
"7000","71","Madeline Reichel","Felton","Costume Designer"
"7001","71","Maryann Collins","Andre","Production Designer"
"7002","71","Marshall Rogahn","Logan","Director"
"7003","71","Elaine Reichert","Rhianna","Cinematographer"
"7004","71","Colin McCullough","Royal","Actor"
"7005","71","Kristin Kris","Albert","Producer"
"7006","71","Dianne Boehm","Denis","Director"
"7007","71","Yolanda Reichel","Delbert","Screenwriter"
"7008","71","Terence Gerlach","Aniyah","Production Designer"
"7009","71","Arnold Brown IV","Lillie","Production Designer"
"7100","72","Clay Hirthe","Susana","Music Composer"
"7101","72","Dr. Jessie Schmeler","Laron","Music Composer"
"7102","72","Edmond Stiedemann","Zachariah","Director"
"7103","72","Theresa Wilkinson","Darrin","Music Composer"
"7104","72","Peter Strosin","Gerry","Screenwriter"
"7105","72","Cathy Hirthe","Burley","Director"
"7106","72","Doris Ebert DDS","Ignatius","Actress"
"7107","72","Mark Jenkins","Sterling","Film Editor"
"7108","72","Karl Stracke","Deangelo","Film Editor"
"7109","72","Ignacio Kuvalis","Winnifred","Actress"
"7200","73","Violet Anderson I","Dion","Screenwriter"
"7201","73","Alexis Bruen","Ubaldo","Producer"
"7202","73","Caleb Wolf-Franey","Cassie","Cinematographer"
"7203","73","Noel Wisoky II","Cora","Actor"
"7204","73","Rhonda Mayer Jr.","Justen","Actor"
"7205","73","Miss Brenda Wehner Jr.","Shannon","Director"
"7206","73","Clay West I","Laila","Costume Designer"
"7207","73","Marco D'Amore","Marianne","Screenwriter"
"7300","74","Rose Harber","Adriel","Costume Designer"
"7301","74","Marianne Moore II","Candido","Music Composer"
"7302","74","Dr. Tomas Purdy","Jammie","Film Editor"
"7303","74","Melissa Mayer","Merritt","Screenwriter"
"7304","74","Doris Nikolaus","Annabelle","Production Designer"
"7305","74","Leon Baumbach","Denis","Actor"
"7306","74","Michelle Reichel","Bobbie","Screenwriter"
"7400","75","Jerome Morar Sr.","Yvonne","Cinematographer"
"7401","75","Preston Zemlak","Lucienne","Film Editor"
"7402","75","Kim Nader","Gonzalo","Actress"
"7403","75","Gerald Murphy","Maude","Screenwriter"
"7404","75","Dominic Walter","Lura","Production Designer"
"7405","75","Noah Johnston","Cristina","Production Designer"
"7406","75","Darrin Miller","Ahmed","Costume Designer"
"7407","75","Willis Kunde","Troy","Director"
"7500","76","Howard Wyman","Brielle","Cinematographer"
"7501","76","Marianne Murphy","Roderick","Screenwriter"
"7502","76","Darryl Funk","Dayton","Film Editor"
"7503","76","Dora Wunsch","Narciso","Director"
"7504","76","Kristine Senger","Gilda","Director"
"7505","76","Tony Larkin","Marcus","Screenwriter"
"7600","77","Shane MacGyver","Theresia","Actress"
"7601","77","Zachary Lynch","Dee","Film Editor"
"7602","77","Erick Medhurst","Krista","Producer"
"7603","77","Shawna Trantow","Laury","Music Composer"
"7604","77","Jennie Schimmel","Janae","Cinematographer"
"7605","77","Nellie Senger","Jacinthe","Production Designer"
"7606","77","Mary Boyer","Emile","Producer"
"7700","78","Mr. Alex Conroy","Nils","Music Composer"
"7701","78","Dr. Rickey Rath","Rafael","Cinematographer"
"7702","78","Earl Walsh","Alberto","Production Designer"
"7703","78","Eddie Abshire","Karelle","Production Designer"
"7704","78","Elvira Schmidt","Lucienne","Production Designer"
"7705","78","Gilbert Jacobs-Zemlak","Norval","Actor"
"7706","78","Fernando Runolfsdottir DVM","Benedict","Film Editor"
"7800","79","Jasmine Jacobson","Chet","Producer"
"7801","79","Esther Hagenes","Coby","Actress"
"7802","79","Thelma Weber","Kiarra","Costume Designer"
"7803","79","Josh Sauer","Elnora","Music Composer"
"7804","79","Owen Ratke","Kira","Costume Designer"
"7805","79","Kenneth McLaughlin","Leonardo","Actor"
"7806","79","Earl Rosenbaum","Darien","Producer"
"7807","79","Natalie Wolf","Aron","Costume Designer"
"7808","79","Sandra Dickinson","Leonie","Costume Designer"
"7809","79","Christie Grady","Myrna","Costume Designer"
"7900","80","Joey Larson","Marcelino","Production Designer"
"7901","80","April Morissette","Griffin","Producer"
"7902","80","Katrina Kunze","Idella","Costume Designer"
"7903","80","Dr. Leslie Ferry MD","Jennie","Director"
"7904","80","Theresa Altenwerth","Rogers","Production Designer"
"7905","80","Mable Johnson","Sarai","Actor"
"7906","80","Leon Wilkinson","Gerda","Production Designer"
"7907","80","Robyn Roberts","Keyon","Screenwriter"
"8000","81","Bertha Gerhold","Margarita","Screenwriter"
"8001","81","Mrs. Gail Windler-Boyle","Alanis","Producer"
"8002","81","Dr. Marvin Muller","Chet","Film Editor"
"8003","81","Jonathon Rolfson","Catalina","Producer"
"8004","81","Toni Stamm","Gussie","Costume Designer"
"8005","81","Jerome Altenwerth","Morris","Screenwriter"
"8006","81","Hannah Nolan","Caden","Production Designer"
"8007","81","Lionel Ratke","Antwon","Film Editor"
"8100","82","Melvin O'Kon","Heber","Screenwriter"
"8101","82","Herbert Fahey II","Destinee","Screenwriter"
"8102","82","Andre Cummings","Barbara","Film Editor"
"8103","82","Russell Schneider","Jocelyn","Actress"
"8104","82","Darren Crist","Araceli","Producer"
"8105","82","Mr. Nathaniel Okuneva","Ambrose","Actor"
"8106","82","Mr. Javier Osinski","Reggie","Production Designer"
"8107","82","Eva Johnson","Amber","Actress"
"8108","82","Rosemary Abbott","Justine","Producer"
"8109","82","Joe Brakus","Antonetta","Actor"
"8110","82","Kelvin Cole","Janick","Screenwriter"
"8111","82","Dr. Mitchell Leannon","Oscar","Screenwriter"
"8112","82","Edith Hilll","Emil","Director"
"8200","83","Miss Velma Cruickshank","Narciso","Actress"
"8201","83","Jeremiah Boehm DDS","Clemmie","Producer"
"8202","83","Esther Shields","Marta","Director"
"8203","83","Olga Kshlerin","Idella","Production Designer"
"8204","83","Clifford Franecki","Alta","Producer"
"8205","83","Robin Williamson","Vernice","Producer"
"8206","83","Glen Boyle","Alexa","Production Designer"
"8207","83","Kelly Parisian Jr.","Benny","Screenwriter"
"8208","83","Blake Luettgen","Ozella","Actor"
"8300","84","Lionel Gerlach","Denis","Costume Designer"
"8301","84","Miss Eunice Stroman","Drake","Actress"
"8302","84","Mabel Armstrong","Selena","Actress"
"8303","84","Susie Stehr","Tanya","Film Editor"
"8304","84","Sylvester Kemmer","Macey","Production Designer"
"8305","84","Dr. Genevieve Marvin","Clint","Actor"
"8306","84","Mr. Bryan Baumbach","Maryse","Producer"
"8307","84","Ms. Inez Yundt","Veronica","Producer"
"8308","84","Brenda Robel","Wava","Production Designer"
"8309","84","Sonya Davis","Leopold","Cinematographer"
"8400","85","Alfredo Prosacco","Maddison","Actress"
"8401","85","Kim Homenick","Triston","Costume Designer"
"8402","85","Guadalupe Mann I","Archibald","Music Composer"
"8403","85","Paulette Denesik","Israel","Producer"
"8404","85","Erick Grady","Hayley","Production Designer"
"8405","85","Alexandra Towne","Diamond","Music Composer"
"8406","85","Vera Kautzer","Urban","Cinematographer"
"8407","85","Daniel Bahringer","Jessica","Producer"
"8408","85","Jamie Kassulke","Jany","Production Designer"
"8409","85","Joy Conn","Darion","Cinematographer"
"8500","86","Dr. Luke Morar-Orn","Aliyah","Screenwriter"
"8501","86","Charles Ankunding","Berry","Film Editor"
"8502","86","Margie Labadie-Halvorson","Tanya","Director"
"8503","86","Alfredo Wyman","Grayson","Music Composer"
"8504","86","Kevin Conroy","Bailee","Director"
"8505","86","Dr. Kimberly Beer-Beer","Coty","Actress"
"8506","86","Meghan Hand","Mitchel","Music Composer"
"8507","86","Daisy Gutmann","Leonel","Film Editor"
"8600","87","Miriam Gutmann V","Phyllis","Production Designer"
"8601","87","Alton Cole","Dawson","Production Designer"
"8602","87","Kelly Hane-Von","Burley","Production Designer"
"8603","87","Hannah O'Reilly","Thomas","Director"
"8604","87","Janis Feest","Else","Costume Designer"
"8605","87","Paula Wolff","Eula","Cinematographer"
"8606","87","Debbie Mitchell","Clyde","Actress"
"8607","87","Sidney Kemmer","Sandra","Production Designer"
"8608","87","Kristopher Monahan-White","Dario","Cinematographer"
"8609","87","Chester Leuschke","Lorenz","Screenwriter"
"8700","88","Beth Fadel","Judd","Director"
"8701","88","Cora West","Norberto","Actor"
"8702","88","Lillian Becker V","Korbin","Screenwriter"
"8703","88","Erik Schaden","Dagmar","Music Composer"
"8704","88","Mr. Ronald Dicki V","Ruth","Costume Designer"
"8705","88","Keith Fadel","Clara","Costume Designer"
"8706","88","Kellie Ferry","Aliya","Actor"
"8800","89","Morris Gislason","Darron","Screenwriter"
"8801","89","Dewey Ledner","Fredy","Costume Designer"
"8802","89","Jackie Kris I","Adella","Screenwriter"
"8803","89","Katrina Langworth-Moen","Margret","Film Editor"
"8804","89","Kirk Mraz","Minnie","Producer"
"8805","89","Megan Okuneva","Nathaniel","Screenwriter"
"8806","89","Linda Powlowski","Imani","Cinematographer"
"8900","90","Ms. Marcella Cummerata","Madie","Producer"
"8901","90","Kenny Koch","Willy","Screenwriter"
"8902","90","Garrett Barrows","Theresa","Director"
"8903","90","Ana Dickens","Monty","Production Designer"
"8904","90","Lynn Beier","Justyn","Production Designer"
"8905","90","Allen O'Keefe","Mellie","Actress"
"8906","90","Randal Pfannerstill","Dixie","Actor"
"8907","90","Mr. Salvador Dietrich","Jennifer","Production Designer"
"8908","90","Garrett Blick-Dickinson","Reyna","Director"
"8909","90","Stacey Muller","Baron","Production Designer"
"8910","90","Edmond Jakubowski","Hertha","Director"
"8911","90","Laura Schumm DDS","Tatum","Actor"
"9000","91","Ashley Schoen","Nelle","Costume Designer"
"9001","91","Vanessa O'Reilly","Betty","Costume Designer"
"9002","91","Rolando Cummerata","Mitchel","Production Designer"
"9003","91","Cody Stark-Kling","Abagail","Film Editor"
"9004","91","Thomas Steuber","Michaela","Cinematographer"
"9005","91","Beatrice Anderson I","Alec","Actress"
"9006","91","Rosemary Heaney","Ashton","Production Designer"
"9007","91","Ignacio Marks","Wilfred","Actor"
"9008","91","Ida Dare DDS","Gavin","Actor"
"9009","91","Bertha Franey III","Edison","Music Composer"
"9100","92","Elaine Bins","Nasir","Production Designer"
"9101","92","Dr. Darrin Green","Lilyan","Film Editor"
"9102","92","Earnest Ward","Brisa","Director"
"9103","92","Diane Lebsack","Rashad","Production Designer"
"9104","92","Joseph Bayer","Rebeca","Producer"
"9105","92","Curtis McLaughlin","Diamond","Costume Designer"
"9106","92","Ernesto Farrell Jr.","Rosario","Screenwriter"
"9107","92","Kathy Crona","Bridie","Screenwriter"
"9200","93","Joan Ebert","Erika","Music Composer"
"9201","93","Jaime Hodkiewicz","Anibal","Actor"
"9202","93","Elvira Ferry","Ollie","Actress"
"9203","93","Ed Grimes","Marguerite","Director"
"9204","93","Timmy Spencer","Shea","Director"
"9205","93","Sam Russel-Flatley","Raul","Actor"
"9206","93","Patti Herman","Tristin","Music Composer"
"9300","94","Rogelio Witting","Ike","Film Editor"
"9301","94","Ms. Edith Crist","Clarabelle","Film Editor"
"9302","94","Peggy Dach","Nakia","Actor"
"9303","94","Bill Ritchie","Jeanne","Actress"
"9304","94","Javier Mosciski-Ledner","Aleen","Film Editor"
"9305","94","Carroll Kuvalis","Earnest","Director"
"9306","94","Johnny Dickens","Cade","Cinematographer"
"9307","94","Miss Molly Skiles","Kaya","Production Designer"
"9308","94","Doreen Metz","Yadira","Actress"
"9400","95","Mr. Don Upton Sr.","Alexzander","Film Editor"
"9401","95","Dr. Angel Orn","Adolf","Director"
"9402","95","Otis Hahn","Berneice","Production Designer"
"9403","95","Toni Monahan","Christophe","Film Editor"
"9404","95","Winston Wisozk","Adela","Producer"
"9405","95","Lynn Stiedemann","Grace","Actress"
"9406","95","Terry Kerluke-Feil","Thomas","Cinematographer"
"9407","95","Marian Lindgren","Nicolas","Production Designer"
"9408","95","Shelly Schamberger DVM","Adonis","Actress"
"9500","96","Alexander Ratke","Christophe","Cinematographer"
"9501","96","Sarah Willms","Boris","Costume Designer"
"9502","96","Randall Pfannerstill","Manuela","Cinematographer"
"9503","96","Cassandra Rodriguez","Velma","Costume Designer"
"9504","96","Dominic Kling","Kolby","Actor"
"9505","96","Dr. Deanna McDermott","Esmeralda","Film Editor"
"9506","96","Inez Keebler","Ramon","Actress"
"9507","96","Steve Mohr","Hillary","Screenwriter"
"9508","96","Matthew Jacobi-Berge","Alison","Cinematographer"
"9509","96","Alfonso Hoppe","Cali","Production Designer"
"9600","97","Jose Murphy Jr.","Sadie","Producer"
"9601","97","Janie Mann","Lulu","Music Composer"
"9602","97","Juana Lesch-Osinski Sr.","Halie","Music Composer"
"9603","97","Elsie Wilderman","Rodolfo","Costume Designer"
"9604","97","Lewis Prosacco","Estell","Music Composer"
"9605","97","Lamar Skiles","Nikita","Cinematographer"
"9606","97","Gerald Emmerich","Woodrow","Production Designer"
"9700","98","Mrs. Mamie Smitham","Margot","Screenwriter"
"9701","98","Alicia Waters","Gregg","Actor"
"9702","98","Wilbur Kling","Dewayne","Producer"
"9703","98","Miss Jeannie Herman","Reanna","Cinematographer"
"9704","98","Roosevelt Sauer","Napoleon","Actress"
"9705","98","Mr. Abel Weimann III","Lorenzo","Music Composer"
"9706","98","Jose Walsh","Gregg","Costume Designer"
"9800","99","Jonathon Sauer","Lloyd","Actor"
"9801","99","Roberta Beer","Janae","Costume Designer"
"9802","99","Kerry Yundt","Doug","Actor"
"9803","99","Mr. Pete Hudson","Reagan","Music Composer"
"9804","99","Christina Lesch","Jazmin","Actress"
"9805","99","Geneva Pollich","Kylee","Cinematographer"
"9806","99","Marcos Hickle","Jeremie","Actress"
"9807","99","Sheila Botsford","Keara","Actor"
"9900","100","Nancy Schuppe","Coy","Cinematographer"
"9901","100","Mrs. Mattie Cormier","Melody","Director"
"9902","100","Mrs. Dianna Considine","Cristobal","Actor"
"9903","100","Mr. Lee Thiel","Kiara","Producer"
"9904","100","Charlotte D'Amore","Joannie","Music Composer"
"9905","100","Glen Cremin","Jeff","Actress"